ticker,tipo,subtipo
003H11,fii,
03BK11,etf,renda_fixa
0FEA11,fii,
10BK11,etf,renda_fixa
3PRE11,etf,renda_fixa
5GTK11,fundo,
5PRE11,etf,renda_fixa
AAGR11,fii,fiagro
AATH11,fundo,infra
AAZQ11,fii,fiagro
ABCP11,fii,
ABTC11,etf,exterior
ACWI11,etf,exterior
ADSH11,fii,
AEFI11,fii,
AERO11,fii,
AERR11,fii,fiagro
AFCF11,fundo,
AFCR11,fii,
AFHF11,fii,
AFHI11,fii,
AFOF11,fii,
AGBK11,acao,unit
AGCX11,fii,
AGGX11,etf,exterior
AGPL11,etf,acoes
AGRI11,etf,acoes
AGRX11,fii,fiagro
AIEC11,fii,
AJFI11,fii,
ALMI11,fii,
ALUG11,etf,exterior
ALUP11,acao,unit
ALZC11,fii,
ALZM11,fii,
ALZR11,fii,
ALZT11,fii,
AMAB11,etf,renda_fixa
AMAZ11,fundo,
AMZG11,acao,unit
ANCR11,fii,
ANGC11,fii,
APTO11,fii,
APXM11,fii,
APXR11,fii,
APXU11,fii,
AQLL11,fii,
AQPA11,fii,
ARCT11,fii,
AREA11,etf,renda_fixa
ARGE11,etf,exterior
AROA11,fii,
ARRI11,fii,
ARTE11,fii,
ARXD11,fii,
ASIA11,fundo,
ASMT11,fii,
ASRF11,fii,
ATCR11,fii,
ATSA11,fii,
ATWN11,fii,
AUMT11,fii,
AUPO11,etf,renda_fixa
AURB11,fii,
AURO11,etf,exterior
AUVP11,etf,acoes
AVUR11,fii,
AZIN11,fundo,fip
AZPE11,fii,
AZPL11,fii,
AZSG11,fii,
B3BR11,etf,acoes
B5MB11,etf,renda_fixa
B5P211,etf,renda_fixa
BARI11,fii,
BBAS11,acao,
BBFI11,fii,
BBFO11,fii,
BBFP11,fundo,
BBGO11,fii,fiagro
BBIG11,fii,
BBOI11,etf,exterior
BBOV11,etf,acoes
BBPO11,fii,
BBRC11,fii,
BBSD11,etf,acoes
BBTG11,acao,unit
BBVJ11,fii,
BCDI11,fundo,
BCFF11,fii,
BCIA11,fii,
BCIC11,etf,acoes
BCRI11,fii,
BDAP11,etf,renda_fixa
BDEF11,etf,acoes
BDIF11,fundo,infra
BDIV11,fundo,infra
BDOM11,etf,acoes
BEST11,etf,acoes
BETW11,fii,
BFCC11,fii,
BGRB11,fii,
BGS111,fii,
BICE11,fii,
BICR11,fii,
BIDB11,fundo,infra
BIDI11,acao,unit
BIGD11,fundo,
BIME11,fii,
BINC11,fundo,infra
BINR11,fii,
BIPD11,fii,
BIPE11,fii,
BISE11,fundo,
BITC11,etf,exterior
BITH11,etf,exterior
BITI11,etf,exterior
BIZD11,etf,exterior
BKOI11,fundo,fip
BLCA11,fii,
BLCP11,fii,
BLFT11,etf,renda_fixa
BLMC11,fii,
BLMG11,fii,
BLMO11,fii,
BLMR11,fii,
BLOG11,fii,
BLOK11,fundo,
BLUE11,fii,
BLUR11,fii,
BMGB11,acao,unit
BMLC11,fii,
BMLT11,fii,
BMMT11,etf,acoes
BNDX11,etf,exterior
BNFS11,fii,
BNKS11,etf,acoes
BOAT11,fii,
BODB11,fundo,infra
BODI11,fundo,infra
BOL511,etf,renda_fixa
BOVA11,etf,acoes
BOVB11,etf,acoes
BOVS11,etf,acoes
BOVV11,etf,acoes
BOVX11,etf,acoes
BPAC11,acao,unit
BPDR11,fii,
BPFF11,fii,
BPLC11,fii,
BPML11,fii,
BPMW11,fii,
BPOF11,fii,
BPRE11,etf,renda_fixa
BPRP11,fii,
BRAX11,etf,acoes
BRAZ11,etf,acoes
BRBI11,acao,unit
BRCD11,fii,
BRCO11,fii,
BRCR11,fii,
BREV11,fii,
BREW11,etf,acoes
BRFT11,fundo,fidc
BRGL11,fii,
BRHT11,fii,
BRHY11,fundo,
BRIA11,etf,exterior
BRIM11,fii,
BRIP11,fii,
BRIX11,fii,
BRLA11,fii,
BROF11,fii,
BRSE11,fii,
BRXC11,etf,acoes
BRZD11,fundo,infra
BRZP11,fundo,infra
BSGD11,fundo,fip
BSLT11,fii,
BTAG11,fii,fiagro
BTAL11,fii,fiagro
BTCE11,etf,exterior
BTCI11,fii,
BTCR11,fii,
BTEK11,fundo,
BTER11,etf,acoes
BTHF11,fii,
BTHI11,fii,
BTHR11,fii,
BTLG11,fii,
BTML11,fii,
BTRA11,fii,fiagro
BTRU11,fii,
BTSG11,fii,
BTSI11,fii,
BTWR11,fii,
BTYU11,fii,
BUHY11,fundo,
BULZ11,fundo,
BVAR11,fii,
BVBR11,etf,acoes
BVEN11,acao,unit
BXPO11,etf,acoes
BZEL11,fii,
BZEQ11,etf,acoes
BZLI11,fii,
CACR11,fii,
CAPE11,etf,acoes
CARE11,fii,
CASA11,etf,exterior
CAUT11,fundo,fidc
CBOP11,fii,
CCME11,fii,
CCRF11,fii,
CCVA11,fii,
CDHY11,fii,
CDIB11,etf,renda_fixa
CDII11,fundo,infra
CEAC11,acao,unit
CEAL11,acao,unit
CEBB11,fii,
CENU11,fii,
CEOC11,fii,
CFHF11,fundo,
CFHI11,fii,
CFII11,fii,
CHIP11,etf,exterior
CIXF11,fii,
CIXM11,fii,
CIXR11,fii,
CJCT11,fii,
CJFI11,fii,
CLIN11,fii,
CLOB11,etf,exterior
CLSM11,fii,
CMDB11,etf,acoes
CNES11,fii,
COIN11,etf,exterior
COPN11,fundo,infra
COPP11,fii,
CORM11,fii,
CORN11,etf,exterior
CPDI11,fundo,infra
CPFF11,fii,
CPHG11,fii,
CPIS11,acao,unit
CPLE11,acao,unit
CPLG11,fii,
CPOF11,fii,
CPSH11,fii,
CPTA11,fii,fiagro
CPTI11,fundo,infra
CPTR11,fii,fiagro
CPTS11,fii,
CPUR11,fii,
CRAA11,fii,fiagro
CRFF11,fii,
CRPT11,etf,exterior
CSMC11,fii,
CSMO11,fundo,
CTAX11,acao,unit
CTEM11,fii,fiagro
CTXT11,fii,
CVBI11,fii,
CVFL11,fii,
CVPR11,fii,
CXAG11,fii,
CXCE11,fii,
CXCI11,fii,
CXCO11,fii,
CXRI11,fii,
CXTL11,fii,
CYCR11,fii,
CYLD11,fii,
DAMA11,fii,
DAMT11,fii,
DANA11,acao,
DAYM11,fii,
DBIN11,fundo,infra
DBOA11,fundo,
DCRA11,fundo,
DEBB11,etf,renda_fixa
DEFI11,etf,exterior
DEVA11,fii,
DIGY11,etf,exterior
DINF11,etf,exterior
DIVD11,etf,acoes
DIVO11,etf,acoes
DIVS11,fundo,infra
DLMT11,fii,
DMAC11,fii,
DNAI11,fundo,
DOLA11,etf,exterior
DOLB11,etf,exterior
DOLX11,etf,exterior
DOMC11,fii,
DOVL11,fii,
DPRO11,fii,
DRIM11,fii,
DRIT11,fii,
DVER11,etf,acoes
DVFF11,fii,
DVLP11,fii,
DVLT11,fii,
EAGL11,fii,
EBIT11,etf,exterior
EBRK11,etf,exterior
EBTA11,fii,
ECOO11,etf,acoes
EDFO11,fii,
EDGA11,fii,
EDGE11,fii,
EETH11,etf,exterior
EGAF11,fii,fiagro
EGDB11,fii,
EGIS11,fundo,fip
EGYR11,fii,
EIRA11,fii,
ELAS11,etf,acoes
ELDO11,fii,
EMEG11,fundo,
EMET11,fii,
ENDD11,fundo,infra
ENGI11,acao,unit
EQIA11,fii,fiagro
EQIN11,fii,
EQIR11,fii,
ERCR11,fii,
ERPA11,fii,
ESGB11,etf,acoes
ESGD11,fundo,
ESGE11,fundo,
ESGG11,etf,exterior
ESGU11,fundo,
ESTQ11,fii,
ESUD11,fundo,infra
ESUT11,fundo,infra
ESUU11,fundo,infra
ETHE11,etf,exterior
ETHI11,etf,exterior
ETHY11,etf,exterior
EUAT11,etf,exterior
EURO11,fii,
EURP11,fundo,
EVBI11,fii,
EVHF11,fii,
EWBZ11,etf,acoes
EXES11,fii,
EXIF11,fundo,infra
EZTB11,fii,
FAED11,fii,
FAMB11,fii,
FARU11,fii,
FATN11,fii,
FAVM11,fii,
FAZP11,fii,fiagro
FBTS11,fii,
FCCQ11,fundo,fip
FCFL11,fii,
FDES11,fundo,
FEXC11,fii,
FFCI11,fii,
FGAA11,fii,fiagro
FIGS11,fii,
FIGV11,fii,
FIIB11,fii,
FIIC11,fii,
FIIP11,fii,
FINC11,fundo,fip
FIND11,etf,acoes
FINF11,fundo,infra
FISC11,fii,
FISD11,fii,
FIVN11,fii,
FIXA11,etf,renda_fixa
FIXX11,etf,exterior
FLCI11,fii,
FLCR11,fii,
FLCT11,fundo,
FLEM11,fundo,
FLFL11,fii,
FLMA11,fii,
FLNR11,fii,
FLRP11,fii,
FMOB11,fii,
FMOF11,fii,
FNAM11,fundo,
FNOR11,fundo,
FOFT11,fii,
FOMO11,etf,exterior
FOOD11,fundo,
FPAB11,fii,
FPNG11,fii,
FPOR11,fundo,
FRBR11,fii,
FRES11,fundo,
FRHY11,fii,
FRRE11,fii,
FSPE11,fundo,
FSPM11,fundo,
FSRF11,fundo,
FSTU11,fundo,
FTCA11,fii,fiagro
FTCE11,fii,
FTOT11,fundo,fip
FTRE11,fii,
FTRR11,fii,
FVBI11,fii,
FVPQ11,fii,
FYTO11,fii,
FZDA11,fundo,
FZDB11,fundo,
GALG11,fii,
GAME11,fii,
GANT11,fii,
GARE11,fii,
GBIT11,etf,exterior
GBTC11,etf,exterior
GCDL11,fii,
GCFF11,fii,
GCOI11,fii,
GCRA11,fii,fiagro
GCRI11,fii,
GDIV11,etf,exterior
GENB11,etf,acoes
GETT11,acao,unit
GFDL11,fii,
GGRC11,fii,
GGRF11,fii,
GICP11,etf,renda_fixa
GLAZ11,fundo,
GLCR11,fii,
GLDI11,etf,exterior
GLDX11,etf,exterior
GLFT11,etf,renda_fixa
GLMP11,etf,acoes
GLOG11,fii,
GLPF11,fii,
GNTV11,fundo,
GOAT11,etf,exterior
GOLB11,etf,exterior
GOLD11,etf,exterior
GOLX11,etf,exterior
GOVE11,etf,acoes
GPCA11,etf,renda_fixa
GPOS11,etf,renda_fixa
GPUS11,etf,exterior
GRAV11,fii,
GRLV11,fii,
GRRO11,fii,
GRSO11,fundo,fip
GRUL11,fii,
GRWA11,fii,fiagro
GSFI11,fii,
GSRF11,fii,
GTIS11,fundo,infra
GTLG11,fii,
GTPC11,fundo,
GTWR11,fii,
GURB11,fii,
GURU11,fundo,
GVFF11,fii,
GWIC11,fii,
GWIR11,fii,
GXUS11,etf,exterior
GZIT11,fii,
H2OO11,etf,exterior
HAAA11,fii,
HABT11,fii,
HASH11,etf,exterior
HBCR11,fii,
HBRH11,fii,
HBTT11,fii,
HCHG11,fii,
HCOF11,fii,
HCRA11,fii,fiagro
HCRI11,fii,
HCST11,fii,
HCTB11,fii,
HCTR11,fii,
HDEL11,fii,
HDOF11,fii,
HERM11,fii,
HERT11,etf,acoes
HFOF11,fii,
HGAG11,fundo,
HGBL11,fii,
HGBR11,etf,renda_fixa
HGBS11,fii,
HGCR11,fii,
HGFF11,fii,
HGIC11,fii,
HGJH11,fii,
HGLG11,fii,
HGPO11,fii,
HGRE11,fii,
HGRU11,fii,
HIGH11,etf,acoes
HILG11,fii,
HIRE11,fii,
HJCT11,fii,
HLMB11,fii,
HLOG11,fii,
HMOC11,fii,
HODL11,etf,exterior
HOFC11,fii,
HOMS11,fii,
HOSI11,fii,
HPDP11,fii,
HRDF11,fii,
HREC11,fii,
HRES11,fii,
HSAF11,fii,
HSLG11,fii,
HSML11,fii,
HSRE11,fii,
HTEK11,etf,exterior
HTMX11,fii,
HUCG11,fii,
HUSC11,fii,
HUSI11,fii,
HYBR11,etf,renda_fixa
HYPI11,fii,
IAAG11,fii,fiagro
IAGR11,fii,fiagro
IB5M11,etf,renda_fixa
IBBP11,fii,
IBCR11,fii,
IBFF11,fii,
IBOB11,etf,acoes
ICDI11,fii,
ICNE11,fii,
ICRI11,fii,
IDFI11,fii,
IDGO11,fii,fiagro
IDGR11,fii,
IDKA11,etf,renda_fixa
IDUA11,fii,
IFID11,fii,
IFIE11,fii,
IFRA11,fundo,infra
IFRI11,fundo,infra
IGTI11,acao,unit
ILOG11,fii,
IMAB11,etf,renda_fixa
IMBB11,etf,renda_fixa
IMMB11,fii,
IMMV11,fii,
IMOF11,fii,
IMOP11,fii,
INDA11,etf,exterior
INDE11,fii,
INFB11,fundo,infra
INFH11,fundo,infra
INHF11,fii,
INLG11,fii,
INOI11,fii,
INRD11,fii,
INTI11,fii,
IRBL11,fii,
IRDM11,fii,
IRFM11,etf,renda_fixa
IRIF11,fundo,infra
IRIM11,fii,
ISCJ11,fii,
ISEN11,fundo,infra
ISET11,fundo,infra
ISNN11,fundo,infra
ISNT11,fundo,infra
ISTT11,fundo,infra
ISUS11,etf,acoes
ITIP11,fii,
ITIT11,fii,
ITRI11,fii,
IVBP11,fii,
IVCI11,fii,
IVVB11,etf,exterior
IVWO11,etf,exterior
IWMI11,etf,exterior
JASC11,fii,
JBFO11,fii,
JCCJ11,fii,
JCDA11,fii,
JCDB11,fii,
JCIN11,fii,
JCSC11,fii,
JFLL11,fii,
JFLR11,fii,
JGPX11,fii,
JKDF11,fii,
JKEF11,fii,
JMBI11,fundo,
JOGO11,etf,exterior
JPPA11,fii,
JPPC11,fii,
JPPV11,fii,
JPRD11,fii,
JRDM11,fii,
JSAF11,fii,
JSCR11,fii,
JSRE11,fii,
JTPR11,fii,
JURO11,fundo,infra
KCRE11,fii,
KDIF11,fundo,infra
KDLG11,fii,
KDOL11,fii,fiagro
KEVE11,fii,
KFEN11,fii,
KFOF11,fii,
KGUJ11,fii,
KINP11,fii,
KISU11,fii,
KIVO11,fii,
KLBN11,acao,unit
KLOG11,fii,
KNCA11,fii,fiagro
KNCE11,fundo,fidc
KNCR11,fii,
KNDI11,fundo,fip
KNFF11,fii,
KNGR11,fii,
KNHF11,fii,
KNHY11,fii,
KNIP11,fii,
KNOX11,fundo,infra
KNPL11,fii,
KNPR11,fii,
KNRE11,fii,
KNRI11,fii,
KNSC11,fii,
KNUQ11,fii,
KOIM11,fii,
KONG11,fii,
KOPA11,fii,fiagro
KORE11,fii,
KPMR11,fii,
KPRP11,fii,
KRES11,fii,
LAFI11,fii,fiagro
LASC11,fii,
LAUP11,fundo,
LCII11,fii,
LFIN11,etf,renda_fixa
LFIX11,etf,renda_fixa
LFTB11,etf,renda_fixa
LFTI11,etf,renda_fixa
LFTS11,etf,renda_fixa
LFTT11,fii,
LFTX11,etf,renda_fixa
LGCP11,fii,
LIFE11,fii,
LIQB11,etf,renda_fixa
LKDV11,fii,
LLAO11,fii,
LLBR11,etf,renda_fixa
LLFT11,etf,renda_fixa
LMAI11,fii,
LPLP11,fii,
LRDI11,fii,
LRED11,fii,
LSAG11,fundo,
LSII11,fii,
LSOI11,fii,
LSOP11,fii,
LSPA11,fii,
LTBX11,etf,renda_fixa
LTMG11,etf,renda_fixa
LTMT11,fii,
LTNB11,etf,renda_fixa
LUGG11,fii,
LVBI11,fii,
LVOL11,etf,acoes
MAGM11,fii,
MALL11,fii,
MANA11,fii,
MARG11,etf,renda_fixa
MATB11,etf,acoes
MATV11,fii,
MAXR11,fii,
MBBI11,fii,
MBRF11,fii,
MBSA11,fundo,
MCCI11,fii,
MCEM11,fii,
MCHF11,fii,
MCHY11,fii,
MCLO11,fii,
MCMV11,fundo,
MCRE11,fii,
META11,etf,exterior
MFAI11,fii,
MFCR11,fii,
MFII11,fii,
MGCR11,fii,
MGFF11,fii,
MGHT11,fii,
MGIM11,fii,
MGLG11,fii,
MGRI11,fii,
MIDB11,etf,renda_fixa
MIDW11,fii,
MILA11,fundo,
MILL11,etf,exterior
MINE11,fundo,fip
MINT11,fii,
MIVI11,fii,
MMPD11,fii,
MMVE11,fii,
MOBI11,fundo,
MODL11,acao,unit
MOFF11,fii,
MORC11,fii,
MORE11,fii,
MOSO11,fii,
MPBH11,acao,
MSHP11,fii,
MTES11,fii,
MTOF11,fii,
MUND11,etf,exterior
MVFI11,fii,
MXRC11,fii,
MXRF11,fii,
NASD11,etf,exterior
NAUI11,fii,
NAVT11,fii,
NB0211,etf,renda_fixa
NB0511,etf,renda_fixa
NB1011,etf,renda_fixa
NBIT11,etf,exterior
NBOV11,etf,acoes
NCDI11,etf,renda_fixa
NCHB11,fii,
NCRA11,fii,fiagro
NCRI11,fii,
NDIV11,etf,acoes
NELO11,fii,
NEWL11,fii,
NEWU11,fii,
NEXG11,fii,fiagro
NFTS11,fundo,
NLFA11,etf,renda_fixa
NMKS11,fii,
NOGV11,etf,acoes
NPAR11,fii,
NSDV11,etf,acoes
NSLU11,fii,
NTNF11,etf,renda_fixa
NTNS11,etf,renda_fixa
NUCL11,etf,exterior
NUIF11,fundo,infra
NVHO11,fii,
NVIF11,fii,
NVRP11,fundo,
OBAL11,fii,
OBRA11,etf,acoes
OBTC11,acao,
OCRE11,fii,
OGHY11,fii,
OGIN11,fundo,
OIAG11,fii,fiagro
OLEO11,etf,exterior
ONDA11,fii,
ONDV11,fii,
ONEF11,fii,
OPHF11,fundo,
OPIM11,fundo,fidc
OROF11,etf,exterior
ORPD11,fii,
OUCY11,fii,
OUFF11,fii,
OUJP11,fii,
OULG11,fii,
OURE11,fii,
OURO11,etf,exterior
OXIT11,acao,unit
OXRL11,fii,
PABY11,fii,
PACB11,etf,renda_fixa
PACC11,etf,renda_fixa
PACG11,etf,renda_fixa
PACL11,etf,renda_fixa
PATA11,fii,
PATB11,fii,
PATC11,fii,
PATL11,fii,
PBLV11,fii,
PCAS11,fii,
PCEM11,acao,
PCIP11,fii,
PDBM11,fii,
PEMA11,fii,
PEVC11,etf,exterior
PFIN11,fundo,
PFJR11,etf,renda_fixa
PHIP11,etf,renda_fixa
PIBB11,etf,acoes
PICE11,fundo,fip
PIPE11,etf,exterior
PKIN11,etf,exterior
PLAG11,fii,
PLBR11,fundo,infra
PLCA11,fii,fiagro
PLCR11,fii,
PLOG11,fii,
PLRI11,fii,
PLTB11,fii,
PMFO11,fii,
PMIS11,fii,
PMLL11,fii,
PMRL11,fii,
PNCR11,fii,
PNDL11,fii,
PNLM11,fii,
PNPR11,fii,
PNRC11,fii,
PORD11,fii,
POSB11,etf,renda_fixa
PPEI11,fundo,
PPLA11,acao,unit
PQAG11,fii,
PQDP11,fii,
PRAF11,etf,exterior
PREE11,fundo,infra
PREX11,etf,renda_fixa
PRIF11,fundo,infra
PRSN11,fii,
PRSV11,fii,
PSEC11,fii,
PSVM11,acao,
PULV11,fii,
PURB11,fii,
PVBI11,fii,
QAGR11,fii,
QAMI11,fii,
QBTC11,etf,exterior
QDFI11,etf,exterior
QETH11,etf,exterior
QFOF11,etf,exterior
QIFF11,fii,
QIRI11,fii,
QLBR11,etf,acoes
QMFF11,fii,
QNTS11,fii,
QQQI11,etf,exterior
QQQQ11,etf,exterior
QSOL11,etf,exterior
QTZD11,fii,
QWEB11,etf,exterior
RARA11,etf,exterior
RBBV11,fii,
RBCB11,fii,
RBCO11,fii,
RBDS11,fii,
RBED11,fii,
RBFF11,fii,
RBFM11,fii,
RBFY11,fii,
RBGS11,fii,
RBHG11,fii,
RBHY11,fii,
RBIF11,fundo,
RBIR11,fii,
RBIV11,fii,
RBLG11,fii,
RBNS11,acao,unit
RBOP11,fii,
RBPD11,fii,
RBPR11,fii,
RBRD11,fii,
RBRF11,fii,
RBRI11,fii,
RBRK11,fii,
RBRL11,fii,
RBRM11,fii,
RBRP11,fii,
RBRR11,fii,
RBRS11,fii,
RBRX11,fii,
RBRY11,fii,
RBTS11,fii,
RBVA11,fii,
RBVO11,fii,
RCCS11,fii,
RCFA11,fii,
RCFF11,fii,
RCRB11,fii,
RCRI11,fii,
RDCI11,fii,
RDES11,fii,
RDIV11,fii,
RDLI11,fii,
RDLS11,fii,
RDPD11,fii,
RECD11,fii,
RECM11,fii,
RECR11,fii,
RECT11,fii,
RECX11,fii,
REIT11,fii,
RELG11,fii,
REME11,fii,
RENV11,fii,
REVE11,etf,exterior
RFOF11,fii,
RICO11,etf,exterior
RIFF11,fundo,
RINV11,fii,
RJDA11,fii,
RLTM11,acao,
RMAI11,fii,
RMBS11,fii,
RNDP11,fii,
RNEW11,acao,unit
RNGO11,fii,
ROCA11,fii,fiagro
ROOF11,fii,
ROOT11,fundo,
RPRI11,fii,
RRCI11,fii,
RRES11,fii,
RSPD11,fii,
RSRV11,fii,
RURA11,fii,fiagro
RVBI11,fii,
RVBR11,fii,
RVDI11,etf,exterior
RVRA11,fii,
RZAG11,fii,fiagro
RZAK11,fii,
RZAT11,fii,
RZDL11,fundo,infra
RZDM11,fii,
RZEO11,fii,fiagro
RZLC11,fii,
RZNE11,fii,fiagro
RZRM11,fii,
RZTR11,fii,
RZZE11,fii,
RZZI11,fii,
RZZR11,fii,
RZZV11,fii,
S1BK11,etf,acoes
SAAG11,fii,
SADI11,fii,
SAET11,fundo,
SAIC11,fii,
SALI11,fii,
SANB11,acao,unit
SAPI11,fii,
SAPR11,acao,unit
SARE11,fii,
SBCL11,fii,
SCPF11,fii,
SCVB11,etf,acoes
SDIL11,fii,
SDIP11,fii,
SEED11,fii,
SELI11,etf,renda_fixa
SEMI11,etf,exterior
SEQR11,fii,
SFFI11,fii,
SFIX11,etf,renda_fixa
SHDP11,fii,
SHIP11,fii,
SHOP11,fii,
SHOT11,fundo,
SHPH11,fii,
SHPP11,fii,
SIGR11,fii,
SILK11,etf,exterior
SINC11,fundo,
SINQ11,fundo,
SJAU11,fii,
SLDZ11,fii,
SLVR11,etf,exterior
SMAB11,etf,acoes
SMAC11,etf,acoes
SMAL11,etf,acoes
SMRE11,fii,
SNAG11,fii,fiagro
SNCI11,fii,
SNCR11,fii,
SNEL11,fii,
SNFF11,fii,
SNFZ11,fii,fiagro
SNID11,fundo,infra
SNLG11,fii,
SNME11,fii,
SOFF11,fii,
SOLH11,etf,exterior
SOLR11,fii,
SPAF11,fii,
SPBZ11,etf,exterior
SPDE11,fii,
SPG211,fii,
SPGM11,fii,
SPMO11,fii,
SPTW11,fii,
SPUB11,etf,acoes
SPVJ11,fii,
SPVT11,etf,acoes
SPXB11,etf,exterior
SPXG11,fii,
SPXH11,etf,exterior
SPXI11,etf,exterior
SPXL11,fii,
SPXM11,fundo,
SPXR11,etf,exterior
SPXS11,fii,
SPXT11,fii,
SPXU11,etf,exterior
SPYI11,etf,exterior
SPYR11,etf,exterior
SRVD11,fii,
STBP11,acao,unit
STDS11,fundo,
STFI11,fii,
STRX11,fii,
STRY11,fii,
STYI11,fii,
SUIN11,fundo,infra
SULA11,acao,unit
SURE11,fii,
SVAL11,etf,exterior
T10R11,etf,renda_fixa
TAEE11,acao,unit
TAXA111,acao,
TAXA211,acao,
TAXA311,acao,
TBOF11,fii,
TCIN11,fii,
TCPF11,fii,
TD3511,etf,renda_fixa
TD5011,etf,renda_fixa
TD6011,etf,renda_fixa
TECB11,fundo,
TECK11,etf,exterior
TECX11,etf,exterior
TELD11,fii,
TELM11,fii,
TEPP11,fii,
TEQI11,fundo,
TFOF11,fii,
TGAR11,fii,
THRA11,fii,
TIET11,acao,unit
TINF11,fii,
TIOM11,fii,
TIPR11,fundo,
TIRB11,fundo,
TJKB11,fii,
TMPS11,fii,
TOGA11,acao,
TOPP11,fii,
TOPY11,etf,exterior
TORD11,fii,
TOUR11,fii,
TPOS11,fii,
TRBL11,fii,
TRCO11,fii,
TRIG11,etf,acoes
TRNT11,fii,
TRPL11,fii,
TRUE11,fii,
TRXB11,fii,
TRXF11,fii,
TRXL11,fii,
TRXY11,fii,
TSER11,fii,
TSFI11,fii,
TSNC11,fii,
TVML11,fii,
TVMO11,fii,
TVOI11,fii,
TVOP11,fundo,
TVRI11,fii,
TXBZ11,acao,
TXRX11,acao,
UBSF11,fii,
UBSR11,fii,
UNAG11,fundo,fidc
URET11,fundo,
URHF11,fii,
URPR11,fii,
USAG11,etf,exterior
USAL11,fundo,
USAV11,etf,exterior
USBD11,etf,exterior
USDB11,etf,exterior
USTK11,etf,exterior
UTEC11,etf,exterior
UTIP11,fundo,
UTLI11,etf,acoes
UTLL11,etf,acoes
V3CI11,fundo,
VALO11,fundo,infra
VANG11,fundo,infra
VCJR11,fii,
VCRA11,fundo,
VCRI11,fii,
VCRR11,fii,
VCSC11,fii,
VCTH11,fii,
VDSV11,fii,
VERE11,fii,
VGHF11,fii,
VGIA11,fii,fiagro
VGII11,fii,
VGIP11,fii,
VGIR11,fii,
VGRD11,fii,
VGRH11,fii,
VGRI11,fii,
VGRM11,fii,
VHFA11,fii,fiagro
VIDS11,fii,
VIFI11,fii,
VIGT11,fundo,infra
VILG11,fii,
VIMO11,fii,
VINF11,fundo,infra
VINO11,fii,
VIOL11,fundo,
VISC11,fii,
VIUR11,fii,
VJFD11,fii,
VLOL11,fii,
VNSS11,fii,
VOTS11,fii,
VPPR11,fii,
VPSI11,fii,
VRTA11,fii,
VRTM11,fii,
VSEC11,fii,
VSHO11,fii,
VSLH11,fii,
VTBR11,etf,exterior
VTLT11,fii,
VTPA11,fii,
VTPL11,fii,
VTUS11,etf,exterior
VTVI11,fii,
VTXI11,fii,
VVAR11,acao,unit
VVCO11,fii,
VVCR11,fii,
VVDI11,fii,
VVMR11,fii,
VVPR11,fii,
VVRI11,fii,
VWRA11,etf,exterior
VXXV11,fii,
WEB311,etf,exterior
WEJR11,etf,renda_fixa
WESG11,etf,exterior
WHGR11,fii,
WISE11,etf,exterior
WPLZ11,fii,
WRET11,etf,exterior
WRLD11,etf,exterior
WSEC11,fii,
WTSP11,fii,
WTXA11,fii,
XB3011,etf,renda_fixa
XB3511,etf,renda_fixa
XB4511,etf,renda_fixa
XB5011,etf,renda_fixa
XB6011,etf,renda_fixa
XBCI11,etf,exterior
XBIO11,etf,exterior
XBIT11,etf,exterior
XBOV11,etf,acoes
XCAP11,etf,acoes
XETH11,etf,exterior
XF3311,etf,renda_fixa
XF3711,etf,renda_fixa
XFIX11,etf,acoes
XGEN11,etf,exterior
XINA11,etf,exterior
XLPR11,fii,
XMAL11,fundo,
XPCA11,fii,fiagro
XPCE11,fii,
XPCI11,fii,
XPCM11,fii,
XPGA11,fii,
XPHT11,fii,
XPID11,fundo,
XPIE11,fundo,infra
XPIN11,fii,
XPLG11,fii,
XPML11,fii,
XPOM11,fundo,fip
XPPR11,fii,
XPSF11,fii,
XPTD11,fundo,
XRPH11,etf,exterior
XSPI11,etf,exterior
XTEC11,etf,exterior
XTED11,fii,
XVAL11,etf,acoes
YCHY11,fii,
YDRO11,fundo,
YEES11,fii,
YPEA11,fundo,
YUFI11,fii,
YVYC11,fundo,infra
ZAGH11,fii,
ZAVC11,fii,
ZAVI11,fii,
ZIFI11,fii,
